汉口北,武汉地铁1号线,30.711953,114.329481,1
滠口新城,武汉地铁1号线,30.684553,114.342372,1
滕子岗,武汉地铁1号线,30.674527,114.341474,1
堤角,武汉地铁1号线,30.665863,114.338273,1
新荣,武汉地铁1号线,30.655893,114.334533,1
丹水池,武汉地铁1号线,30.643386,114.330017,1
徐州新村,武汉地铁1号线,30.631171,114.322936,1
二七路,武汉地铁1号线,30.762075,114.295213,1
头道街,武汉地铁1号线,30.617818,114.313923,1
黄浦路,武汉地铁1号线,30.608404,114.308156,1
三阳路,武汉地铁1号线,30.598718,114.301348,1
大智路,武汉地铁1号线,30.592506,114.294967,1
循礼门,武汉地铁1号线,30.585234,114.285992,1
友谊路,武汉地铁1号线,30.577221,114.279671,1
利济北路,武汉地铁1号线,30.577433,114.270119,1
崇仁路,武汉地铁1号线,30.57018,114.261913,1
~口路,武汉地铁1号线,30.572164,114.251608,1
太平洋,武汉地铁1号线,30.574025,114.240741,1
宗关,武汉地铁1号线,30.580306,114.224975,1
汉西一路,武汉地铁1号线,30.586314,114.2211,1
古田四路,武汉地铁1号线,30.589347,114.211532,1
古田三路,武汉地铁1号线,30.590375,114.203357,1
古田二路,武汉地铁1号线,30.603421,114.199484,1
古田一路,武汉地铁1号线,30.600675,114.182667,1
舵落口,武汉地铁1号线,30.612893,114.154528,1
竹叶海,武汉地铁1号线,30.615064,114.163868,1
额头湾,武汉地铁1号线,30.61846,114.155941,1
五环大道,武汉地铁1号线,30.617699,114.138907,1
东吴大道,武汉地铁1号线,30.624968,114.128567,1
码头潭公园,武汉地铁1号线,30.635942,114.126269,1
三店,武汉地铁1号线,30.636845,114.141365,1
泾河,武汉地铁1号线,30.674896,114.151581,1
天河机场,武汉地铁2号线,30.773612,114.221167,2
航空总部,武汉地铁2号线,30.732481,114.227261,2
宋家岗,武汉地铁2号线,30.723137,114.237299,2
巨龙大道,武汉地铁2号线,30.711596,114.253845,2
盘龙城,武汉地铁2号线,30.6942,114.268973,2
宏图大道,武汉地铁2号线,30.670353,114.277759,2
常青城,武汉地铁2号线,30.658775,114.25506,2
金银潭,武汉地铁2号线,30.650412,114.242807,2
常青花园,武汉地铁2号线,30.640564,114.242435,2
长港路,武汉地铁2号线,30.627168,114.246021,2
汉口火车站,武汉地铁2号线,30.618096,114.255008,2
范湖,武汉地铁2号线,30.607717,114.261086,2
王家墩东,武汉地铁2号线,30.594245,114.263288,2
青年路,武汉地铁2号线,30.585762,114.264757,2
中山公园,武汉地铁2号线,30.58665,114.271559,2
循礼门,武汉地铁2号线,30.585234,114.285992,2
江汉路,武汉地铁2号线,30.579581,114.292306,2
积玉桥,武汉地铁2号线,30.561286,114.308681,2
螃蟹岬,武汉地铁2号线,30.553333,114.317476,2
小龟山,武汉地铁2号线,30.551108,114.32652,2
洪山广场,武汉地铁2号线,30.545063,114.337079,2
中南路,武汉地铁2号线,30.537528,114.332959,2
宝通寺,武汉地铁2号线,30.530349,114.341206,2
街道口,武汉地铁2号线,30.526597,114.353503,2
广埠屯,武汉地铁2号线,30.522437,114.364207,2
虎泉,武汉地铁2号线,30.512359,114.370478,2
杨家湾,武汉地铁2号线,30.505122,114.382732,2
光谷广场,武汉地铁2号线,30.50576,114.397169,2
珞雄路,武汉地铁2号线,30.506941,114.404837,2
华中科技大学,武汉地铁2号线,30.512871,114.41935,2
光谷大道,武汉地铁2号线,30.495914,114.422591,2
佳园路,武汉地铁2号线,30.499718,114.43081,2
光谷火车站,武汉地铁2号线,30.50576,114.397169,2
黄龙山路,武汉地铁2号线,30.475334,114.429602,2
金融港北,武汉地铁2号线,30.461963,114.420416,2
秀湖,武汉地铁2号线,30.447747,114.421034,2
藏龙东街,武汉地铁2号线,30.437026,114.429655,2
佛祖岭,武汉地铁2号线,30.443931,114.443874,2
宏图大道,武汉地铁3号线,30.670353,114.277759,3
市民之家,武汉地铁3号线,30.659795,114.295164,3
后湖大道,武汉地铁3号线,30.650284,114.304127,3
兴业路,武汉地铁3号线,30.641133,114.30422,3
二七小路,武汉地铁3号线,30.628847,114.307806,3
罗家庄,武汉地铁3号线,30.623628,114.303976,3
赵家条,武汉地铁3号线,30.617866,114.297076,3
惠济二路,武汉地铁3号线,30.614125,114.289542,3
香港路,武汉地铁3号线,30.605235,114.284769,3
菱角湖路,武汉地铁3号线,30.607689,114.274202,3
范湖,武汉地铁3号线,30.607717,114.261086,3
云飞路,武汉地铁3号线,30.605164,114.252144,3
武汉商务区,武汉地铁3号线,30.597587,114.246879,3
双墩,武汉地铁3号线,30.58666,114.232026,3
宗关,武汉地铁3号线,30.580306,114.224975,3
王家湾,武汉地铁3号线,30.562164,114.207664,3
龙阳村,武汉地铁3号线,30.552879,114.206329,3
陶家岭,武汉地铁3号线,30.545591,114.201851,3
四新大道,武汉地铁3号线,30.535228,114.194631,3
汉阳客运站,武汉地铁3号线,30.526231,114.190005,3
三角湖,武汉地铁3号线,30.516507,114.179686,3
体育中心,武汉地铁3号线,30.586064,114.298015,3
东风公司,武汉地铁3号线,30.500107,114.166088,3
沌阳大道,武汉地铁3号线,30.489376,114.157139,3
武汉火车站,武汉地铁4号线,30.606697,114.424314,4
杨春湖,武汉地铁4号线,30.613767,114.418099,4
工业四路,武汉地铁4号线,30.630373,114.405131,4
仁和路,武汉地铁4号线,30.605179,114.38909,4
园林路,武汉地铁4号线,30.600224,114.378123,4
罗家港,武汉地铁4号线,30.5928,114.37154,4
铁机路,武汉地铁4号线,30.583897,114.368895,4
岳家嘴,武汉地铁4号线,30.577109,114.36201,4
东亭,武汉地铁4号线,30.570267,114.355809,4
青鱼嘴,武汉地铁4号线,30.56372,114.349884,4
楚河汉街,武汉地铁4号线,30.553848,114.341415,4
洪山广场,武汉地铁4号线,30.545063,114.337079,4
中南路,武汉地铁4号线,30.537528,114.332959,4
梅苑小区,武汉地铁4号线,30.530916,114.326149,4
武昌火车站,武汉地铁4号线,30.52863,114.317531,4
首义路,武汉地铁4号线,30.533612,114.308531,4
复兴路,武汉地铁4号线,30.534309,114.301225,4
拦江路,武汉地铁4号线,30.542917,114.269012,4
钟家村,武汉地铁4号线,30.549283,114.266158,4
汉阳火车站,武汉地铁4号线,30.552848,114.255785,4
五里墩,武汉地铁4号线,30.553977,114.241105,4
七里庙,武汉地铁4号线,30.556688,114.231208,4
十里铺,武汉地铁4号线,30.55932,114.219444,4
王家湾,武汉地铁4号线,30.562164,114.207664,4
玉龙路,武汉地铁4号线,30.564519,114.201403,4
永安堂,武汉地铁4号线,30.566073,114.187114,4
孟家铺,武汉地铁4号线,30.56499,114.173901,4
黄金口,武汉地铁4号线,30.564055,114.145387,4
新天,武汉地铁4号线,30.552199,114.126339,4
集贤,武汉地铁4号线,30.550087,114.112285,4
知音,武汉地铁4号线,30.556845,114.091765,4
新农,武汉地铁4号线,30.560522,114.074791,4
凤凰路,武汉地铁4号线,30.577312,114.062206,4
蔡甸广场,武汉地铁4号线,30.573054,114.041735,4
临嶂大道,武汉地铁4号线,30.57179,114.02859,4
新庙村,武汉地铁4号线,30.584082,114.012829,4
柏林,武汉地铁4号线,30.582229,113.994891,4
金银湖公园,武汉地铁6号线,30.636899,114.180894,6
金银湖,武汉地铁6号线,30.6505,114.185307,6
园博园北,武汉地铁6号线,30.63799,114.222603,6
轻工大学,武汉地铁6号线,30.63968,114.234406,6
常青花园,武汉地铁6号线,30.640564,114.242435,6
杨汊湖,武汉地铁6号线,30.631197,114.256293,6
石桥,武汉地铁6号线,30.624676,114.272852,6
唐家墩,武汉地铁6号线,30.61244,114.275046,6
三眼桥,武汉地铁6号线,30.560482,114.1601,6
香港路,武汉地铁6号线,30.605235,114.284769,6
苗栗路,武汉地铁6号线,30.597204,114.291154,6
大智路,武汉地铁6号线,30.592506,114.294967,6
江汉路,武汉地铁6号线,30.579581,114.292306,6
六渡桥,武汉地铁6号线,30.574991,114.28427,6
汉正街,武汉地铁6号线,30.566866,114.282791,6
武胜路,武汉地铁6号线,30.570629,114.268388,6
琴台,武汉地铁6号线,30.557559,114.266282,6
钟家村,武汉地铁6号线,30.549283,114.266158,6
马鹦路,武汉地铁6号线,30.537882,114.266799,6
建港,武汉地铁6号线,30.526609,114.259685,6
前进村,武汉地铁6号线,30.520144,114.253366,6
国博中心北,武汉地铁6号线,30.510581,114.242654,6
国博中心南,武汉地铁6号线,30.506042,114.236099,6
老关村,武汉地铁6号线,30.492907,114.225927,6
江城大道,武汉地铁6号线,30.528679,114.226081,6
车城东路,武汉地铁6号线,30.484307,114.177517,6
东风公司,武汉地铁6号线,30.500107,114.166088,6
园博园北,武汉地铁7号线,30.63799,114.222603,7
园博园,武汉地铁7号线,30.623063,114.218672,7
常码头,武汉地铁7号线,30.604632,114.23479,7
武汉商务中心,武汉地铁7号线,30.592599,114.291661,7
王家墩东,武汉地铁7号线,30.594245,114.263288,7
取水楼,武汉地铁7号线,30.597634,114.274655,7
香港路,武汉地铁7号线,30.605235,114.284769,7
三阳路,武汉地铁7号线,30.598718,114.301348,7
徐家棚,武汉地铁7号线,30.59101,114.334143,7
湖北大学,武汉地铁7号线,30.57687,114.334121,7
新河街,武汉地铁7号线,30.56256,114.317111,7
螃蟹岬,武汉地铁7号线,30.553333,114.317476,7
小东门,武汉地铁7号线,30.545012,114.318461,7
武昌火车站,武汉地铁7号线,30.52863,114.317531,7
瑞安街,武汉地铁7号线,30.514908,114.3142,7
建安街,武汉地铁7号线,30.504025,114.313759,7
湖工大,武汉地铁7号线,30.483656,114.313384,7
板桥,武汉地铁7号线,30.474294,114.313464,7
野芷湖,武汉地铁7号线,30.460928,114.319502,7
金潭路,武汉地铁8号线,30.6772,114.28404,8
宏图大道,武汉地铁8号线,30.670353,114.277759,8
塔子湖,武汉地铁8号线,30.652594,114.280364,8
中一路,武汉地铁8号线,30.639903,114.281162,8
竹叶山,武汉地铁8号线,30.618179,114.28479,8
赵家条,武汉地铁8号线,30.617866,114.297076,8
黄浦路,武汉地铁8号线,30.608404,114.308156,8
徐家棚,武汉地铁8号线,30.59101,114.334143,8
徐东,武汉地铁8号线,30.587975,114.346233,8
汪家墩,武汉地铁8号线,30.585167,114.350076,8
岳家嘴,武汉地铁8号线,30.577109,114.36201,8
梨园,武汉地铁8号线,30.574832,114.370081,8
省博湖北日报,武汉地铁8号线,30.564871,114.365294,8
中南医院,武汉地铁8号线,30.553572,114.353516,8
水果湖,武汉地铁8号线,30.547186,114.345168,8
洪山路,武汉地铁8号线,30.54451,114.343778,8
小洪山,武汉地铁8号线,30.536383,114.350996,8
街道口,武汉地铁8号线,30.526597,114.353503,8
马房山,武汉地铁8号线,30.513507,114.350478,8
文治街,武汉地铁8号线,30.502395,114.333116,8
文昌路,武汉地铁8号线,30.491026,114.33012,8
省农科院,武汉地铁8号线,30.482735,114.326124,8
马湖,武汉地铁8号线,30.471152,114.324664,8
黄家湖地铁小镇,武汉地铁8号线,30.436439,114.297569,8
军运村,武汉地铁8号线,30.4242,114.29405,8
后湖大道,武汉阳逻线,30.650284,114.304127,9
百步亭花园路,武汉阳逻线,30.647631,114.318034,9
新荣客运站,武汉阳逻线,30.657595,114.332763,9
幸福湾,武汉阳逻线,30.670903,114.339557,9
朱家河,武汉阳逻线,30.660655,114.358808,9
谌家矶,武汉阳逻线,30.67493,114.370983,9
青龙,武汉阳逻线,30.70546,114.390414,9
高车,武汉阳逻线,30.713601,114.40904,9
武湖,武汉阳逻线,30.797538,114.499805,9
沙口,武汉阳逻线,30.705216,114.481027,9
军民村,武汉阳逻线,30.708145,114.513305,9
武生院,武汉阳逻线,30.712829,114.526565,9
阳逻,武汉阳逻线,30.664036,114.56678,9
阳逻开发区,武汉阳逻线,30.701603,114.567772,9
施岗,武汉阳逻线,30.706234,114.600916,9
金台,武汉阳逻线,30.713671,114.619116,9
光谷火车站,武汉地铁11号线东段,30.50576,114.397169,11
湖口,武汉地铁11号线东段,30.487938,114.448734,11
光谷同济医院,武汉地铁11号线东段,30.487581,114.463594,11
光谷生物园,武汉地铁11号线东段,30.48761,114.481231,11
光谷四路,武汉地铁11号线东段,30.48379,114.492976,11
光谷五路,武汉地铁11号线东段,30.480481,114.507942,11
光谷六路,武汉地铁11号线东段,30.483837,114.513007,11
豹,武汉地铁11号线东段,30.459587,114.548879,11
光谷七路,武汉地铁11号线东段,30.500288,114.529878,11
长岭山,武汉地铁11号线东段,30.490087,114.57491,11
未来一路,武汉地铁11号线东段,30.482931,114.585456,11
未来三路,武汉地铁11号线东段,30.480878,114.606136,11
左岭,武汉地铁11号线东段,30.488119,114.620662,11
